"sesion_id","dispositivo_id","timestamp_inicio","timestamp_fin","red"
"801","801","2025-04-09 02:29:43",NULL,
"802","802","2025-04-15 12:29:43",NULL,
"803","803","2025-04-08 09:29:43","2025-04-08 12:29:43",
"804","804","2025-04-13 12:29:43","2025-04-13 14:29:43",
"805","805","2025-04-10 13:29:43",NULL,
"806","806","2025-04-15 22:29:43",NULL,
"807","807","2025-04-08 05:29:43","2025-04-08 08:29:43",
"808","808","2025-04-11 06:29:43",NULL,
"809","809","2025-04-07 20:29:43",NULL,
"810","810","2025-04-14 12:29:43",NULL,
"811","811","2025-04-10 06:29:43",NULL,
"812","812","2025-04-07 17:29:43",NULL,
"813","813","2025-04-10 18:29:43",NULL,
"814","814","2025-04-09 21:29:43",NULL,
"815","815","2025-04-08 11:29:43",NULL,
"816","816","2025-04-12 21:29:43","2025-04-13 00:29:43",
"817","817","2025-04-07 11:29:43",NULL,
"818","818","2025-04-15 19:29:43","2025-04-15 20:29:43",
"819","819","2025-04-08 01:29:43","2025-04-08 03:29:43",
"820","820","2025-04-10 03:29:43","2025-04-10 04:29:43",
"821","821","2025-04-10 01:29:43","2025-04-10 04:29:43",
"822","822","2025-04-11 11:29:43","2025-04-11 13:29:43",
"823","823","2025-04-08 01:29:43","2025-04-08 02:29:43",
"824","824","2025-04-13 19:29:43","2025-04-13 20:29:43",
"825","825","2025-04-16 04:29:43","2025-04-16 05:29:43",
"826","826","2025-04-10 04:29:43","2025-04-10 05:29:43",
"827","827","2025-04-12 01:29:43","2025-04-12 04:29:43",
"828","828","2025-04-14 16:29:43","2025-04-14 18:29:43",
"829","829","2025-04-16 08:29:43",NULL,
"830","830","2025-04-16 12:29:43","2025-04-16 13:29:43",
"831","831","2025-04-09 23:29:43","2025-04-10 02:29:43",
"832","832","2025-04-08 07:29:43","2025-04-08 10:29:43",
"833","833","2025-04-15 15:29:43",NULL,
"834","834","2025-04-16 22:29:43",NULL,
"835","835","2025-04-11 06:29:43","2025-04-11 08:29:43",
"836","836","2025-04-12 09:29:43",NULL,
"837","837","2025-04-14 20:29:43","2025-04-14 22:29:43",
"838","838","2025-04-10 02:29:43",NULL,
"839","839","2025-04-10 01:29:43","2025-04-10 02:29:43",
"840","840","2025-04-08 23:29:43",NULL,
"841","841","2025-04-14 05:29:43","2025-04-14 08:29:43",
"842","842","2025-04-16 02:29:43",NULL,
"843","843","2025-04-16 20:29:43","2025-04-16 22:29:43",
"844","844","2025-04-08 09:29:43","2025-04-08 10:29:43",
"845","845","2025-04-15 09:29:43","2025-04-15 10:29:43",
"846","846","2025-04-14 15:29:43","2025-04-14 18:29:43",
"847","847","2025-04-16 05:29:43","2025-04-16 07:29:43",
"848","848","2025-04-07 10:29:43","2025-04-07 13:29:43",
"849","849","2025-04-12 01:29:43",NULL,
"850","850","2025-04-13 16:29:43","2025-04-13 17:29:43",
"851","851","2025-04-17 07:29:43","2025-04-17 09:29:43",
"852","852","2025-04-07 06:29:43","2025-04-07 08:29:43",
"853","853","2025-04-14 15:29:43",NULL,
"854","854","2025-04-09 11:29:43","2025-04-09 13:29:43",
"855","855","2025-04-16 04:29:43","2025-04-16 07:29:43",
"856","856","2025-04-09 19:29:43",NULL,
"857","857","2025-04-10 17:29:43",NULL,
"858","858","2025-04-08 23:29:43",NULL,
"859","859","2025-04-09 16:29:43","2025-04-09 18:29:43",
"860","860","2025-04-12 12:29:43",NULL,
"861","861","2025-04-08 22:29:43","2025-04-09 00:29:43",
"862","862","2025-04-07 02:29:43",NULL,
"863","863","2025-04-16 02:29:44",NULL,
"864","864","2025-04-13 23:29:44","2025-04-14 02:29:44",
"865","865","2025-04-15 00:29:44","2025-04-15 02:29:44",
"866","866","2025-04-17 02:29:44",NULL,
"867","867","2025-04-14 17:29:44",NULL,
"868","868","2025-04-06 21:29:44",NULL,
"869","869","2025-04-14 19:29:44","2025-04-14 22:29:44",
"870","870","2025-04-08 12:29:44","2025-04-08 15:29:44",
"871","871","2025-04-13 13:29:44",NULL,
"872","872","2025-04-14 07:29:44",NULL,
"873","873","2025-04-15 22:29:44","2025-04-15 23:29:44",
"874","874","2025-04-11 16:29:44",NULL,
"875","875","2025-04-14 13:29:44",NULL,
"876","876","2025-04-10 02:29:44",NULL,
"877","877","2025-04-12 11:29:44","2025-04-12 14:29:44",
"878","878","2025-04-13 18:29:44",NULL,
"879","879","2025-04-16 07:29:44","2025-04-16 08:29:44",
"880","880","2025-04-12 00:29:44","2025-04-12 03:29:44",
"881","881","2025-04-12 00:29:44",NULL,
"882","882","2025-04-10 18:29:44","2025-04-10 20:29:44",
"883","883","2025-04-14 23:29:44",NULL,
"884","884","2025-04-08 02:29:44","2025-04-08 05:29:44",
"885","885","2025-04-13 03:29:44","2025-04-13 06:29:44",
"886","886","2025-04-06 18:29:44",NULL,
"887","887","2025-04-13 11:29:44","2025-04-13 13:29:44",
"888","888","2025-04-15 14:29:44",NULL,
"889","889","2025-04-14 06:29:44",NULL,
"890","890","2025-04-17 03:29:44","2025-04-17 06:29:44",
"891","891","2025-04-07 14:29:44","2025-04-07 17:29:44",
"892","892","2025-04-13 00:29:44",NULL,
"893","893","2025-04-13 09:29:44","2025-04-13 10:29:44",
"894","894","2025-04-08 07:29:44","2025-04-08 10:29:44",
"895","895","2025-04-16 16:29:44",NULL,
"896","896","2025-04-10 15:29:44","2025-04-10 16:29:44",
"897","897","2025-04-15 06:29:44",NULL,
"898","898","2025-04-12 13:29:44","2025-04-12 16:29:44",
"899","899","2025-04-08 12:29:44",NULL,
"900","900","2025-04-10 01:29:44","2025-04-10 03:29:44",
"901","901","2025-04-13 05:29:45",NULL,
"902","902","2025-04-10 07:29:45",NULL,
"903","903","2025-04-16 21:29:45","2025-04-16 23:29:45",
"904","904","2025-04-11 08:29:45","2025-04-11 11:29:45",
"905","905","2025-04-15 08:29:45",NULL,
"906","906","2025-04-09 22:29:45",NULL,
"907","907","2025-04-12 15:29:45","2025-04-12 17:29:45",
"908","908","2025-04-08 14:29:45","2025-04-08 16:29:45",
"909","909","2025-04-13 14:29:45",NULL,
"910","910","2025-04-10 08:29:45","2025-04-10 09:29:45",
"911","911","2025-04-11 13:29:45","2025-04-11 15:29:45",
"912","912","2025-04-10 10:29:45","2025-04-10 13:29:45",
"913","913","2025-04-09 04:29:45",NULL,
"914","914","2025-04-10 14:29:45",NULL,
"915","915","2025-04-07 22:29:45",NULL,
"916","916","2025-04-11 07:29:45",NULL,
"917","917","2025-04-12 05:29:45",NULL,
"918","918","2025-04-12 22:29:45","2025-04-13 01:29:45",
"919","919","2025-04-15 02:29:45",NULL,
"920","920","2025-04-13 14:29:45",NULL,
"921","921","2025-04-16 11:29:45","2025-04-16 13:29:45",
"922","922","2025-04-10 22:29:45","2025-04-11 01:29:45",
"923","923","2025-04-06 21:29:45",NULL,
"924","924","2025-04-09 11:29:45",NULL,
"925","925","2025-04-10 23:29:45",NULL,
"926","926","2025-04-14 00:29:45",NULL,
"927","927","2025-04-13 00:29:45","2025-04-13 03:29:45",
"928","928","2025-04-12 21:29:45",NULL,
"929","929","2025-04-17 05:29:45","2025-04-17 08:29:45",
"930","930","2025-04-15 05:29:45",NULL,
"931","931","2025-04-09 07:29:45",NULL,
"932","932","2025-04-17 02:29:45","2025-04-17 04:29:45",
"933","933","2025-04-13 10:29:45","2025-04-13 13:29:45",
"934","934","2025-04-15 18:29:45",NULL,
"935","935","2025-04-17 07:29:45",NULL,
"936","936","2025-04-13 23:29:45",NULL,
"937","937","2025-04-10 19:29:45","2025-04-10 22:29:45",
"938","938","2025-04-15 03:29:46","2025-04-15 06:29:46",
"939","939","2025-04-17 13:29:46",NULL,
"940","940","2025-04-17 11:29:46",NULL,
"941","941","2025-04-07 16:29:46",NULL,
"942","942","2025-04-16 21:29:46","2025-04-17 00:29:46",
"943","943","2025-04-17 01:29:46",NULL,
"944","944","2025-04-07 17:29:46","2025-04-07 18:29:46",
"945","945","2025-04-11 19:29:46","2025-04-11 20:29:46",
"946","946","2025-04-14 12:29:46","2025-04-14 14:29:46",
"947","947","2025-04-17 13:29:46",NULL,
"948","948","2025-04-09 23:29:46",NULL,
"949","949","2025-04-09 22:29:46",NULL,
"950","950","2025-04-10 13:29:46","2025-04-10 15:29:46",
"951","951","2025-04-11 20:29:46",NULL,
"952","952","2025-04-10 05:29:46","2025-04-10 07:29:46",
"953","953","2025-04-09 23:29:46","2025-04-10 01:29:46",
"954","954","2025-04-09 19:29:46","2025-04-09 22:29:46",
"955","955","2025-04-13 02:29:46",NULL,
"956","956","2025-04-15 12:29:46",NULL,
"957","957","2025-04-13 05:29:46","2025-04-13 08:29:46",
"958","958","2025-04-09 02:29:46",NULL,
"959","959","2025-04-12 02:29:46",NULL,
"960","960","2025-04-15 07:29:46",NULL,
"961","961","2025-04-08 14:29:46","2025-04-08 17:29:46",
"962","962","2025-04-11 12:29:46",NULL,
"963","963","2025-04-09 13:29:46","2025-04-09 15:29:46",
"964","964","2025-04-09 23:29:46",NULL,
"965","965","2025-04-17 06:29:46",NULL,
"966","966","2025-04-13 15:29:46","2025-04-13 16:29:46",
"967","967","2025-04-11 21:29:46",NULL,
"968","968","2025-04-13 19:29:46",NULL,
"969","969","2025-04-08 05:29:46",NULL,
"970","970","2025-04-11 13:29:46",NULL,
"971","971","2025-04-15 19:29:46",NULL,
"972","972","2025-04-16 11:29:46","2025-04-16 12:29:46",
"973","973","2025-04-09 00:29:46","2025-04-09 01:29:46",
"974","974","2025-04-08 14:29:46","2025-04-08 17:29:46",
"975","975","2025-04-06 23:29:46","2025-04-07 02:29:46",
"976","976","2025-04-07 01:29:46","2025-04-07 03:29:46",
"977","977","2025-04-14 19:29:46","2025-04-14 22:29:46",
"978","978","2025-04-16 13:29:46",NULL,
"979","979","2025-04-14 06:29:46","2025-04-14 07:29:46",
"980","980","2025-04-07 03:29:46",NULL,
"981","981","2025-04-15 00:29:46",NULL,
"982","982","2025-04-07 02:29:46","2025-04-07 05:29:46",
"983","983","2025-04-09 06:29:46",NULL,
"984","984","2025-04-13 14:29:46",NULL,
"985","985","2025-04-16 19:29:46",NULL,
"986","986","2025-04-16 21:29:46",NULL,
"987","987","2025-04-09 05:29:46","2025-04-09 07:29:46",
"988","988","2025-04-10 00:29:46","2025-04-10 02:29:46",
"989","989","2025-04-09 04:29:46","2025-04-09 05:29:46",
"990","990","2025-04-12 15:29:46",NULL,
"991","991","2025-04-09 04:29:46",NULL,
"992","992","2025-04-14 22:29:46","2025-04-15 01:29:46",
"993","993","2025-04-12 14:29:46","2025-04-12 15:29:46",
"994","994","2025-04-15 11:29:46","2025-04-15 13:29:46",
"995","995","2025-04-17 03:29:46","2025-04-17 04:29:46",
"996","996","2025-04-08 15:29:46","2025-04-08 18:29:46",
"997","997","2025-04-10 19:29:46",NULL,
"998","998","2025-04-16 22:29:46","2025-04-17 00:29:46",
"999","999","2025-04-08 14:29:46","2025-04-08 16:29:46",
"1000","1000","2025-04-12 21:29:46",NULL,
"1001","1001","2025-04-10 06:29:49","2025-04-10 07:29:49",
"1002","1002","2025-04-08 18:29:49","2025-04-08 20:29:49",
"1003","1003","2025-04-16 12:29:49",NULL,
"1004","1004","2025-04-13 22:29:49",NULL,
"1005","1005","2025-04-08 09:29:49","2025-04-08 11:29:49",
"1006","1006","2025-04-10 02:29:49",NULL,
"1007","1007","2025-04-17 13:29:49","2025-04-17 15:29:49",
"1008","1008","2025-04-13 21:29:49","2025-04-13 22:29:49",
"1009","1009","2025-04-14 06:29:49","2025-04-14 07:29:49",
"1010","1010","2025-04-10 19:29:49",NULL,
"1011","1011","2025-04-08 21:29:49","2025-04-09 00:29:49",
"1012","1012","2025-04-13 13:29:49","2025-04-13 14:29:49",
"1013","1013","2025-04-12 05:29:49","2025-04-12 06:29:49",
"1014","1014","2025-04-07 17:29:49","2025-04-07 20:29:49",
"1015","1015","2025-04-14 02:29:49",NULL,
"1016","1016","2025-04-12 16:29:49","2025-04-12 18:29:49",
"1017","1017","2025-04-09 05:29:49",NULL,
"1018","1018","2025-04-12 16:29:49","2025-04-12 19:29:49",
"1019","1019","2025-04-13 08:29:49","2025-04-13 11:29:49",
"1020","1020","2025-04-08 10:29:49",NULL,
"1021","1021","2025-04-16 03:29:49","2025-04-16 06:29:49",
"1022","1022","2025-04-13 16:29:49",NULL,
"1023","1023","2025-04-10 05:29:49",NULL,
"1024","1024","2025-04-09 08:29:49",NULL,
"1025","1025","2025-04-08 03:29:49",NULL,
"1026","1026","2025-04-10 15:29:49",NULL,
"1027","1027","2025-04-10 20:29:49","2025-04-10 21:29:49",
"1028","1028","2025-04-13 20:29:49",NULL,
"1029","1029","2025-04-14 14:29:49",NULL,
"1030","1030","2025-04-07 13:29:49","2025-04-07 14:29:49",
"1031","1031","2025-04-10 23:29:49","2025-04-11 00:29:49",
"1032","1032","2025-04-10 16:29:49","2025-04-10 17:29:49",
"1033","1033","2025-04-07 21:29:49","2025-04-08 00:29:49",
"1034","1034","2025-04-09 14:29:49","2025-04-09 16:29:49",
"1035","1035","2025-04-11 17:29:49",NULL,
"1036","1036","2025-04-10 04:29:49",NULL,
"1037","1037","2025-04-08 04:29:49",NULL,
"1038","1038","2025-04-07 06:29:49","2025-04-07 07:29:49",
"1039","1039","2025-04-12 14:29:49","2025-04-12 16:29:49",
"1040","1040","2025-04-13 21:29:49",NULL,
"1041","1041","2025-04-07 07:29:49","2025-04-07 09:29:49",
"1042","1042","2025-04-14 22:29:49","2025-04-15 01:29:49",
"1043","1043","2025-04-14 04:29:49","2025-04-14 07:29:49",
"1044","1044","2025-04-06 18:29:49","2025-04-06 19:29:49",
"1045","1045","2025-04-14 19:29:49",NULL,
"1046","1046","2025-04-11 09:29:49",NULL,
"1047","1047","2025-04-10 21:29:49",NULL,
"1048","1048","2025-04-17 06:29:49",NULL,
"1049","1049","2025-04-08 07:29:49","2025-04-08 08:29:49",
"1050","1050","2025-04-13 06:29:49",NULL,
"1051","1051","2025-04-07 09:29:49","2025-04-07 11:29:49",
"1052","1052","2025-04-14 05:29:49","2025-04-14 08:29:49",
"1053","1053","2025-04-08 16:29:50","2025-04-08 17:29:50",
"1054","1054","2025-04-08 00:29:50","2025-04-08 03:29:50",
"1055","1055","2025-04-08 11:29:50","2025-04-08 14:29:50",
"1056","1056","2025-04-10 02:29:50",NULL,
"1057","1057","2025-04-15 05:29:50",NULL,
"1058","1058","2025-04-12 07:29:50","2025-04-12 08:29:50",
"1059","1059","2025-04-08 03:29:50",NULL,
"1060","1060","2025-04-08 02:29:50",NULL,
"1061","1061","2025-04-17 05:29:50",NULL,
"1062","1062","2025-04-14 05:29:50","2025-04-14 08:29:50",
"1063","1063","2025-04-08 18:29:50","2025-04-08 19:29:50",
"1064","1064","2025-04-13 09:29:50",NULL,
"1065","1065","2025-04-11 23:29:50","2025-04-12 02:29:50",
"1066","1066","2025-04-13 20:29:50",NULL,
"1067","1067","2025-04-11 19:29:50","2025-04-11 20:29:50",
"1068","1068","2025-04-17 09:29:50","2025-04-17 11:29:50",
"1069","1069","2025-04-09 18:29:50","2025-04-09 20:29:50",
"1070","1070","2025-04-12 03:29:50",NULL,
"1071","1071","2025-04-07 18:29:50",NULL,
"1072","1072","2025-04-13 21:29:50","2025-04-13 23:29:50",
"1073","1073","2025-04-10 03:29:50",NULL,
"1074","1074","2025-04-14 19:29:50","2025-04-14 22:29:50",
"1075","1075","2025-04-07 02:29:50",NULL,
"1076","1076","2025-04-11 17:29:50","2025-04-11 18:29:50",
"1077","1077","2025-04-14 20:29:50","2025-04-14 21:29:50",
"1078","1078","2025-04-08 12:29:50",NULL,
"1079","1079","2025-04-06 21:29:50",NULL,
"1080","1080","2025-04-12 04:29:50","2025-04-12 07:29:50",
"1081","1081","2025-04-12 18:29:50","2025-04-12 19:29:50",
"1082","1082","2025-04-08 18:29:50","2025-04-08 21:29:50",
"1083","1083","2025-04-08 00:29:50",NULL,
"1084","1084","2025-04-15 20:29:50","2025-04-15 21:29:50",
"1085","1085","2025-04-15 07:29:50","2025-04-15 10:29:50",
"1086","1086","2025-04-14 00:29:50","2025-04-14 03:29:50",
"1087","1087","2025-04-13 06:29:50",NULL,
"1088","1088","2025-04-13 16:29:50",NULL,
"1089","1089","2025-04-16 22:29:50","2025-04-17 01:29:50",
"1090","1090","2025-04-16 10:29:50",NULL,
"1091","1091","2025-04-07 23:29:50",NULL,
"1092","1092","2025-04-09 07:29:50",NULL,
"1093","1093","2025-04-09 13:29:50",NULL,
"1094","1094","2025-04-12 06:29:50","2025-04-12 08:29:50",
"1095","1095","2025-04-13 12:29:50",NULL,
"1096","1096","2025-04-17 07:29:50",NULL,
"1097","1097","2025-04-17 08:29:50",NULL,
"1098","1098","2025-04-14 21:29:50",NULL,
"1099","1099","2025-04-15 21:29:50","2025-04-15 23:29:50",
"1100","1100","2025-04-09 17:29:50",NULL,
"1101","1101","2025-04-15 12:29:58",NULL,
"1102","1102","2025-04-12 08:29:58","2025-04-12 09:29:58",
"1103","1103","2025-04-11 01:29:58",NULL,
"1104","1104","2025-04-10 04:29:58","2025-04-10 07:29:58",
"1105","1105","2025-04-11 10:29:58","2025-04-11 12:29:58",
"1106","1106","2025-04-07 10:29:58","2025-04-07 11:29:58",
"1107","1107","2025-04-15 13:29:58",NULL,
"1108","1108","2025-04-08 03:29:58","2025-04-08 06:29:58",
"1109","1109","2025-04-15 20:29:58","2025-04-15 22:29:58",
"1110","1110","2025-04-07 18:29:58",NULL,
"1111","1111","2025-04-08 00:29:58",NULL,
"1112","1112","2025-04-16 20:29:58",NULL,
"1113","1113","2025-04-13 23:29:58",NULL,
"1114","1114","2025-04-06 18:29:58","2025-04-06 20:29:58",
"1115","1115","2025-04-09 18:29:58",NULL,
"1116","1116","2025-04-11 06:29:58",NULL,
"1117","1117","2025-04-15 10:29:58","2025-04-15 12:29:58",
"1118","1118","2025-04-13 11:29:58","2025-04-13 12:29:58",
"1119","1119","2025-04-14 02:29:58","2025-04-14 04:29:58",
"1120","1120","2025-04-11 12:29:58","2025-04-11 14:29:58",
"1121","1121","2025-04-10 04:29:58","2025-04-10 05:29:58",
"1122","1122","2025-04-15 23:29:59",NULL,
"1123","1123","2025-04-07 08:29:59","2025-04-07 10:29:59",
"1124","1124","2025-04-08 02:29:59",NULL,
"1125","1125","2025-04-17 07:29:59","2025-04-17 10:29:59",
"1126","1126","2025-04-15 01:29:59",NULL,
"1127","1127","2025-04-06 19:29:59",NULL,
"1128","1128","2025-04-10 00:29:59","2025-04-10 03:29:59",
"1129","1129","2025-04-11 22:29:59","2025-04-12 01:29:59",
"1130","1130","2025-04-13 08:29:59",NULL,
"1131","1131","2025-04-08 20:29:59",NULL,
"1132","1132","2025-04-12 20:29:59",NULL,
"1133","1133","2025-04-10 10:29:59","2025-04-10 13:29:59",
"1134","1134","2025-04-08 03:29:59",NULL,
"1135","1135","2025-04-14 13:29:59","2025-04-14 16:29:59",
"1136","1136","2025-04-14 12:29:59","2025-04-14 13:29:59",
"1137","1137","2025-04-09 09:29:59","2025-04-09 11:29:59",
"1138","1138","2025-04-07 08:29:59",NULL,
"1139","1139","2025-04-13 05:29:59",NULL,
"1140","1140","2025-04-16 06:29:59","2025-04-16 09:29:59",
"1141","1141","2025-04-08 09:29:59",NULL,
"1142","1142","2025-04-14 13:29:59",NULL,
"1143","1143","2025-04-10 09:29:59",NULL,
"1144","1144","2025-04-17 06:29:59",NULL,
"1145","1145","2025-04-07 05:29:59",NULL,
"1146","1146","2025-04-16 08:29:59","2025-04-16 09:29:59",
"1147","1147","2025-04-07 09:29:59","2025-04-07 12:29:59",
"1148","1148","2025-04-08 00:29:59",NULL,
"1149","1149","2025-04-12 00:29:59",NULL,
"1150","1150","2025-04-11 11:29:59","2025-04-11 12:29:59",
"1151","1151","2025-04-09 15:29:59","2025-04-09 18:29:59",
"1152","1152","2025-04-15 19:29:59","2025-04-15 21:29:59",
"1153","1153","2025-04-07 04:29:59",NULL,
"1154","1154","2025-04-15 05:29:59",NULL,
"1155","1155","2025-04-10 09:29:59",NULL,
"1156","1156","2025-04-13 16:29:59","2025-04-13 17:29:59",
"1157","1157","2025-04-15 22:29:59",NULL,
"1158","1158","2025-04-15 20:29:59",NULL,
"1159","1159","2025-04-11 13:29:59",NULL,
"1160","1160","2025-04-13 01:29:59","2025-04-13 02:29:59",
"1161","1161","2025-04-06 22:29:59",NULL,
"1162","1162","2025-04-17 09:29:59","2025-04-17 10:29:59",
"1163","1163","2025-04-07 21:29:59","2025-04-08 00:29:59",
"1164","1164","2025-04-13 19:29:59","2025-04-13 21:29:59",
"1165","1165","2025-04-07 16:29:59",NULL,
"1166","1166","2025-04-09 14:29:59","2025-04-09 15:29:59",
"1167","1167","2025-04-10 14:29:59","2025-04-10 17:29:59",
"1168","1168","2025-04-13 08:29:59","2025-04-13 11:29:59",
"1169","1169","2025-04-08 07:29:59",NULL,
"1170","1170","2025-04-14 03:29:59","2025-04-14 06:29:59",
"1171","1171","2025-04-14 11:29:59","2025-04-14 12:29:59",
"1172","1172","2025-04-12 09:29:59",NULL,
"1173","1173","2025-04-07 22:29:59",NULL,
"1174","1174","2025-04-16 18:29:59",NULL,
"1175","1175","2025-04-06 22:29:59","2025-04-07 01:29:59",
"1176","1176","2025-04-13 18:29:59",NULL,
"1177","1177","2025-04-14 03:29:59",NULL,
"1178","1178","2025-04-11 13:29:59",NULL,
"1179","1179","2025-04-14 15:29:59","2025-04-14 16:29:59",
"1180","1180","2025-04-10 05:29:59",NULL,
"1181","1181","2025-04-08 03:29:59",NULL,
"1182","1182","2025-04-17 04:29:59","2025-04-17 06:29:59",
"1183","1183","2025-04-09 09:29:59","2025-04-09 10:29:59",
"1184","1184","2025-04-10 02:29:59",NULL,
"1185","1185","2025-04-13 21:29:59",NULL,
"1186","1186","2025-04-10 19:29:59",NULL,
"1187","1187","2025-04-08 23:29:59","2025-04-09 02:29:59",
"1188","1188","2025-04-13 21:29:59","2025-04-14 00:29:59",
"1189","1189","2025-04-10 02:29:59","2025-04-10 04:29:59",
"1190","1190","2025-04-09 13:29:59",NULL,
"1191","1191","2025-04-16 04:29:59",NULL,
"1192","1192","2025-04-16 07:29:59",NULL,
"1193","1193","2025-04-07 07:29:59","2025-04-07 10:29:59",
"1194","1194","2025-04-10 16:29:59","2025-04-10 17:29:59",
"1195","1195","2025-04-15 22:29:59",NULL,
"1196","1196","2025-04-09 23:29:59","2025-04-10 02:29:59",
"1197","1197","2025-04-11 01:29:59",NULL,
"1198","1198","2025-04-17 08:29:59","2025-04-17 10:29:59",
"1199","1199","2025-04-10 08:29:59",NULL,
"1200","1200","2025-04-16 09:29:59",NULL,
"1201","1201","2025-04-12 21:38:54",NULL,
"1202","1202","2025-04-13 14:38:54",NULL,
"1203","1203","2025-04-13 12:38:54",NULL,
"1204","1204","2025-04-07 04:38:54","2025-04-07 07:38:54",
"1205","1205","2025-04-11 12:38:54",NULL,
"1206","1206","2025-04-07 02:38:54","2025-04-07 04:38:54",
"1207","1207","2025-04-07 13:38:54",NULL,
"1208","1208","2025-04-14 19:38:55",NULL,
"1209","1209","2025-04-08 17:38:55",NULL,
"1210","1210","2025-04-09 10:38:55","2025-04-09 11:38:55",
"1211","1211","2025-04-11 21:38:55",NULL,
"1212","1212","2025-04-11 01:38:55",NULL,
"1213","1213","2025-04-17 16:38:55","2025-04-17 19:38:55",
"1214","1214","2025-04-08 10:38:55","2025-04-08 13:38:55",
"1215","1215","2025-04-16 19:38:55","2025-04-16 20:38:55",
"1216","1216","2025-04-07 12:38:55",NULL,
"1217","1217","2025-04-09 22:38:55",NULL,
"1218","1218","2025-04-15 07:38:55",NULL,
"1219","1219","2025-04-08 00:38:55",NULL,
"1220","1220","2025-04-08 12:38:55",NULL,
"1221","1221","2025-04-17 16:38:55","2025-04-17 18:38:55",
"1222","1222","2025-04-12 08:38:55","2025-04-12 09:38:55",
"1223","1223","2025-04-13 08:38:55","2025-04-13 09:38:55",
"1224","1224","2025-04-10 10:38:55",NULL,
"1225","1225","2025-04-07 09:38:55","2025-04-07 10:38:55",
"1226","1226","2025-04-13 12:38:55","2025-04-13 14:38:55",
"1227","1227","2025-04-16 13:38:55","2025-04-16 16:38:55",
"1228","1228","2025-04-12 17:38:55",NULL,
"1229","1229","2025-04-15 10:38:55","2025-04-15 13:38:55",
"1230","1230","2025-04-14 13:38:55","2025-04-14 14:38:55",
"1231","1231","2025-04-08 07:38:55",NULL,
"1232","1232","2025-04-07 06:38:55",NULL,
"1233","1233","2025-04-06 18:38:55",NULL,
"1234","1234","2025-04-16 22:38:55",NULL,
"1235","1235","2025-04-10 17:38:55","2025-04-10 20:38:55",
"1236","1236","2025-04-11 04:38:55",NULL,
"1237","1237","2025-04-08 18:38:55",NULL,
"1238","1238","2025-04-13 11:38:55","2025-04-13 13:38:55",
"1239","1239","2025-04-12 03:38:55",NULL,
"1240","1240","2025-04-14 08:38:55",NULL,
"1241","1241","2025-04-08 18:38:55","2025-04-08 19:38:55",
"1242","1242","2025-04-11 02:38:55","2025-04-11 05:38:55",
"1243","1243","2025-04-11 13:38:55","2025-04-11 16:38:55",
"1244","1244","2025-04-14 00:38:55","2025-04-14 01:38:55",
"1245","1245","2025-04-09 06:38:55","2025-04-09 09:38:55",
"1246","1246","2025-04-11 21:38:55",NULL,
"1247","1247","2025-04-10 17:38:55",NULL,
"1248","1248","2025-04-11 11:38:55",NULL,
"1249","1249","2025-04-09 04:38:55","2025-04-09 07:38:55",
"1250","1250","2025-04-15 00:38:55","2025-04-15 02:38:55",
"1251","1251","2025-04-09 04:38:55","2025-04-09 07:38:55",
"1252","1252","2025-04-15 22:38:55",NULL,
"1253","1253","2025-04-08 07:38:55","2025-04-08 10:38:55",
"1254","1254","2025-04-08 01:38:55","2025-04-08 02:38:55",
"1255","1255","2025-04-14 23:38:55","2025-04-15 01:38:55",
"1256","1256","2025-04-07 14:38:55",NULL,
"1257","1257","2025-04-14 00:38:55","2025-04-14 01:38:55",
"1258","1258","2025-04-07 17:38:55",NULL,
"1259","1259","2025-04-06 18:38:55","2025-04-06 21:38:55",
"1260","1260","2025-04-11 16:38:55","2025-04-11 19:38:55",
"1261","1261","2025-04-13 22:38:55","2025-04-14 00:38:55",
"1262","1262","2025-04-07 15:38:55","2025-04-07 16:38:55",
"1263","1263","2025-04-12 20:38:55","2025-04-12 22:38:55",
"1264","1264","2025-04-10 00:38:55","2025-04-10 03:38:55",
"1265","1265","2025-04-10 02:38:55","2025-04-10 03:38:55",
"1266","1266","2025-04-15 07:38:55","2025-04-15 09:38:55",
"1267","1267","2025-04-15 02:38:55","2025-04-15 03:38:55",
"1268","1268","2025-04-15 13:38:55","2025-04-15 15:38:55",
"1269","1269","2025-04-09 14:38:55",NULL,
"1270","1270","2025-04-14 20:38:55","2025-04-14 23:38:55",
"1271","1271","2025-04-15 05:38:55",NULL,
"1272","1272","2025-04-10 12:38:55",NULL,
"1273","1273","2025-04-12 07:38:55",NULL,
"1274","1274","2025-04-13 22:38:55","2025-04-13 23:38:55",
"1275","1275","2025-04-13 06:38:55","2025-04-13 09:38:55",
"1276","1276","2025-04-07 19:38:55",NULL,
"1277","1277","2025-04-16 12:38:55",NULL,
"1278","1278","2025-04-17 15:38:55","2025-04-17 18:38:55",
"1279","1279","2025-04-12 06:38:55",NULL,
"1280","1280","2025-04-11 03:38:55","2025-04-11 04:38:55",
"1281","1281","2025-04-08 21:38:55","2025-04-08 22:38:55",
"1282","1282","2025-04-10 12:38:55",NULL,
"1283","1283","2025-04-09 19:38:55",NULL,
"1284","1284","2025-04-09 18:38:55",NULL,
"1285","1285","2025-04-11 00:38:55",NULL,
"1286","1286","2025-04-06 17:38:55","2025-04-06 19:38:55",
"1287","1287","2025-04-08 21:38:55","2025-04-09 00:38:55",
"1288","1288","2025-04-13 18:38:55","2025-04-13 20:38:55",
"1289","1289","2025-04-09 01:38:55","2025-04-09 03:38:55",
"1290","1290","2025-04-12 21:38:55",NULL,
"1291","1291","2025-04-14 18:38:55","2025-04-14 19:38:55",
"1292","1292","2025-04-11 23:38:55","2025-04-12 01:38:55",
"1293","1293","2025-04-13 19:38:55",NULL,
"1294","1294","2025-04-12 19:38:55",NULL,
"1295","1295","2025-04-11 00:38:56","2025-04-11 01:38:56",
"1296","1296","2025-04-11 03:38:56","2025-04-11 04:38:56",
"1297","1297","2025-04-14 15:38:56",NULL,
"1298","1298","2025-04-12 03:38:56",NULL,
"1299","1299","2025-04-13 16:38:56","2025-04-13 18:38:56",
"1300","1300","2025-04-14 21:38:56","2025-04-15 00:38:56",
